Country,dt,AverageTemperature,AverageTemperatureUncertainty
Australia,1960,21.210500000000003,0.22199999999999998
Australia,1961,21.964249999999996,0.2186666666666667
Australia,1962,21.802916666666665,0.26599999999999996
Australia,1963,21.69783333333333,0.20174999999999998
Australia,1964,21.650750000000002,0.20958333333333334
Australia,1965,22.092083333333335,0.24799999999999997
Australia,1966,21.361000000000004,0.18616666666666667
Australia,1967,21.625416666666666,0.19941666666666666
Australia,1968,21.462166666666672,0.18449999999999997
Australia,1969,21.847583333333333,0.18266666666666664
Australia,1970,21.775750000000002,0.18433333333333335
Australia,1971,21.65433333333333,0.17800000000000002
Australia,1972,22.012083333333333,0.19575
Australia,1973,22.41275,0.20541666666666666
Australia,1974,21.238083333333332,0.2125
Australia,1975,21.692666666666668,0.22191666666666668
Australia,1976,21.193416666666668,0.21691666666666665
Australia,1977,21.892500000000002,0.1811666666666667
Australia,1978,21.605166666666666,0.18183333333333337
Australia,1979,22.252333333333336,0.19175
Australia,1980,22.586166666666667,0.17183333333333337
Australia,1981,22.164083333333334,0.19533333333333333
Australia,1982,21.910500000000003,0.16483333333333336
Australia,1983,22.261083333333332,0.19774999999999998
Australia,1984,21.516916666666663,0.18216666666666667
Australia,1985,22.043416666666662,0.21158333333333335
Australia,1986,22.09325,0.18208333333333337
Australia,1987,22.072416666666665,0.15758333333333333
Australia,1988,22.630083333333335,0.16433333333333333
Australia,1989,21.862833333333338,0.21291666666666664
Australia,1990,22.35575,0.18575
Australia,1991,22.48741666666667,0.14941666666666667
Australia,1992,21.932583333333337,0.22791666666666666
Australia,1993,22.160166666666665,0.17575
Australia,1994,22.030249999999995,0.2130833333333333
Australia,1995,21.955166666666667,0.15375000000000003
Australia,1996,22.325333333333333,0.16083333333333333
Australia,1997,22.086000000000002,0.18875
Australia,1998,22.664833333333334,0.17074999999999999
Australia,1999,22.0645,0.17700000000000002
Australia,2000,21.709666666666667,0.17600000000000002
Australia,2001,21.79275,0.16141666666666668
Australia,2002,22.46083333333333,0.17008333333333334
Australia,2003,22.44033333333333,0.22516666666666663
Australia,2004,22.286916666666666,0.164
Australia,2005,22.896833333333333,0.15566666666666665
Australia,2006,22.264416666666662,0.20824999999999996
Australia,2007,22.48675,0.15783333333333335
Australia,2008,22.225916666666667,0.16624999999999998
Australia,2009,22.690583333333333,0.18433333333333332
Australia,2010,22.078166666666664,0.18141666666666664
Australia,2011,21.767,0.1869166666666667
Australia,2012,22.0245,0.23700000000000002
Australia,2013,22.142874999999997,0.22362500000000002
Belgium,1960,9.98875,0.27091666666666675
Belgium,1961,10.435833333333333,0.25808333333333333
Belgium,1962,8.541500000000001,0.2694166666666667
Belgium,1963,8.259666666666666,0.2750000000000001
Belgium,1964,9.594166666666668,0.24058333333333334
Belgium,1965,9.040416666666664,0.2699166666666667
Belgium,1966,9.901583333333333,0.236
Belgium,1967,10.056583333333332,0.27391666666666664
Belgium,1968,9.412333333333333,0.2599166666666667
Belgium,1969,9.5505,0.2281666666666667
Belgium,1970,9.499,0.2610833333333334
Belgium,1971,9.831166666666666,0.2535
Belgium,1972,9.333333333333334,0.26391666666666663
Belgium,1973,9.758833333333332,0.24625
Belgium,1974,10.072916666666668,0.23424999999999999
Belgium,1975,10.071916666666668,0.26275000000000004
Belgium,1976,10.368000000000002,0.278
Belgium,1977,9.961083333333333,0.218
Belgium,1978,9.23225,0.218
Belgium,1979,9.058583333333333,0.20725000000000002
Belgium,1980,9.297333333333334,0.18266666666666664
Belgium,1981,9.627083333333333,0.2273333333333333
Belgium,1982,10.33,0.20299999999999999
Belgium,1983,10.294500000000001,0.20033333333333336
Belgium,1984,9.6495,0.21691666666666667
Belgium,1985,8.795499999999999,0.2554166666666666
Belgium,1986,9.264000000000001,0.21866666666666665
Belgium,1987,9.0685,0.22325000000000003
Belgium,1988,10.456999999999999,0.20924999999999996
Belgium,1989,10.921166666666666,0.2399166666666667
Belgium,1990,10.935333333333334,0.22983333333333333
Belgium,1991,9.709166666666667,0.18383333333333332
Belgium,1992,10.48925,0.26033333333333336
Belgium,1993,9.925833333333333,0.20291666666666666
Belgium,1994,10.996749999999999,0.20625000000000002
Belgium,1995,10.696750000000002,0.20374999999999996
Belgium,1996,8.893166666666668,0.19258333333333336
Belgium,1997,10.472416666666666,0.18733333333333335
Belgium,1998,10.369166666666667,0.17825000000000002
Belgium,1999,10.93425,0.19808333333333336
Belgium,2000,11.03425,0.19716666666666663
Belgium,2001,10.543333333333335,0.21258333333333332
Belgium,2002,11.035750000000002,0.2060833333333333
Belgium,2003,10.87025,0.24575000000000002
Belgium,2004,10.452583333333331,0.21691666666666667
Belgium,2005,10.727833333333335,0.18275
Belgium,2006,11.09525,0.22883333333333333
Belgium,2007,11.1455,0.19466666666666665
Belgium,2008,10.504916666666666,0.18800000000000003
Belgium,2009,10.628499999999999,0.21675000000000003
Belgium,2010,9.361749999999999,0.22416666666666665
Belgium,2011,11.305333333333335,0.232
Belgium,2012,10.351833333333333,0.25975
Belgium,2013,10.060125,0.282625
Brazil,1960,24.752666666666666,0.3506666666666667
Brazil,1961,25.146416666666664,0.2585
Brazil,1962,24.84233333333333,0.26675
Brazil,1963,25.171583333333334,0.28933333333333333
Brazil,1964,24.73408333333333,0.25633333333333336
Brazil,1965,24.983833333333337,0.297
Brazil,1966,25.086416666666665,0.238
Brazil,1967,25.01366666666667,0.24791666666666665
Brazil,1968,24.631249999999998,0.2338333333333333
Brazil,1969,25.282750000000004,0.24008333333333332
Brazil,1970,25.191083333333335,0.26041666666666663
Brazil,1971,24.608500000000003,0.2800833333333333
Brazil,1972,25.097333333333328,0.24208333333333332
Brazil,1973,25.169583333333332,0.22750000000000004
Brazil,1974,24.581500000000002,0.20825000000000002
Brazil,1975,24.676750000000002,0.21075
Brazil,1976,24.718999999999998,0.25325000000000003
Brazil,1977,25.132333333333335,0.21758333333333335
Brazil,1978,24.9275,0.21608333333333332
Brazil,1979,24.944333333333333,0.2038333333333333
Brazil,1980,25.147999999999996,0.20758333333333334
Brazil,1981,24.983416666666667,0.23425000000000004
Brazil,1982,25.23033333333333,0.23466666666666666
Brazil,1983,25.350750000000005,0.24358333333333337
Brazil,1984,25.109916666666667,0.19533333333333328
Brazil,1985,24.965666666666667,0.23708333333333334
Brazil,1986,25.130999999999997,0.19991666666666666
Brazil,1987,25.563416666666665,0.20583333333333334
Brazil,1988,25.177333333333333,0.1888333333333333
Brazil,1989,24.871416666666665,0.21025000000000002
Brazil,1990,25.274916666666666,0.21724999999999997
Brazil,1991,25.29216666666667,0.15966666666666668
Brazil,1992,25.25133333333333,0.22924999999999995
Brazil,1993,25.354916666666668,0.21008333333333332
Brazil,1994,25.454666666666668,0.1918333333333333
Brazil,1995,25.554416666666672,0.2038333333333333
Brazil,1996,25.337833333333332,0.1691666666666667
Brazil,1997,25.559416666666664,0.17041666666666666
Brazil,1998,25.95875,0.17675
Brazil,1999,25.286583333333336,0.14525
Brazil,2000,25.1965,0.16508333333333333
Brazil,2001,25.504416666666668,0.1699166666666667
Brazil,2002,25.800333333333338,0.16075
Brazil,2003,25.621,0.2310833333333333
Brazil,2004,25.496499999999997,0.19800000000000004
Brazil,2005,25.806,0.16375
Brazil,2006,25.516999999999996,0.236
Brazil,2007,25.667999999999996,0.16733333333333336
Brazil,2008,25.41033333333333,0.16258333333333339
Brazil,2009,25.60058333333333,0.18566666666666667
Brazil,2010,25.812416666666667,0.158
Brazil,2011,25.428916666666662,0.2048333333333333
Brazil,2012,25.717083333333335,0.231
Brazil,2013,25.348125,0.26225
Canada,1960,-4.406833333333334,0.25775
Canada,1961,-5.0681666666666665,0.24499999999999997
Canada,1962,-4.873833333333334,0.29425
Canada,1963,-4.6120833333333335,0.24750000000000005
Canada,1964,-5.456999999999998,0.26708333333333334
Canada,1965,-5.516666666666668,0.26833333333333337
Canada,1966,-5.141333333333333,0.23758333333333334
Canada,1967,-5.282083333333335,0.24558333333333335
Canada,1968,-4.645750000000001,0.21833333333333335
Canada,1969,-4.5023333333333335,0.23675000000000002
Canada,1970,-5.103166666666667,0.24350000000000002
Canada,1971,-4.869583333333334,0.2295
Canada,1972,-6.802916666666667,0.2519166666666667
Canada,1973,-4.1795,0.24091666666666667
Canada,1974,-5.6410833333333334,0.23275
Canada,1975,-4.945666666666667,0.25333333333333335
Canada,1976,-4.790416666666668,0.251
Canada,1977,-3.84075,0.24675
Canada,1978,-5.3004999999999995,0.242
Canada,1979,-5.005750000000002,0.23558333333333334
Canada,1980,-4.416916666666666,0.26216666666666666
Canada,1981,-2.86725,0.27599999999999997
Canada,1982,-5.875166666666666,0.24950000000000003
Canada,1983,-4.751750000000001,0.24058333333333334
Canada,1984,-4.634249999999999,0.24325
Canada,1985,-4.901166666666668,0.2475833333333333
Canada,1986,-4.843916666666667,0.24450000000000005
Canada,1987,-3.3433333333333337,0.23775000000000002
Canada,1988,-4.125166666666668,0.23125000000000004
Canada,1989,-5.073333333333334,0.2493333333333333
Canada,1990,-5.021916666666667,0.27125
Canada,1991,-4.426666666666668,0.20866666666666667
Canada,1992,-4.928916666666666,0.27166666666666667
Canada,1993,-4.4015,0.2205
Canada,1994,-4.433666666666666,0.24683333333333335
Canada,1995,-4.314333333333334,0.22466666666666668
Canada,1996,-4.941166666666667,0.22375
Canada,1997,-4.2315000000000005,0.22225000000000003
Canada,1998,-2.5539166666666664,0.22991666666666666
Canada,1999,-3.1863333333333337,0.21825000000000003
Canada,2000,-4.025916666666665,0.22466666666666668
Canada,2001,-3.1000833333333335,0.23716666666666666
Canada,2002,-4.362833333333334,0.23725
Canada,2003,-3.8595000000000006,0.2635
Canada,2004,-4.923083333333332,0.23225000000000004
Canada,2005,-3.30875,0.20508333333333337
Canada,2006,-2.4601666666666677,0.22075
Canada,2007,-4.060916666666667,0.21366666666666664
Canada,2008,-4.29525,0.21991666666666668
Canada,2009,-4.135083333333335,0.23183333333333334
Canada,2010,-1.8879166666666667,0.21858333333333335
Canada,2011,-3.557083333333333,0.23258333333333334
Canada,2012,-3.176833333333334,0.30008333333333337
Canada,2013,-1.6406666666666676,0.5336666666666667
China,1960,6.890916666666666,0.23091666666666663
China,1961,7.050583333333333,0.21199999999999997
China,1962,6.703666666666666,0.2774166666666667
China,1963,7.052500000000001,0.21083333333333334
China,1964,6.746083333333335,0.20891666666666664
China,1965,6.799916666666668,0.23991666666666667
China,1966,6.962000000000001,0.18399999999999997
China,1967,6.402583333333333,0.20700000000000005
China,1968,6.727000000000001,0.1805
China,1969,6.455999999999999,0.19066666666666665
China,1970,6.5681666666666665,0.1908333333333333
China,1971,6.846249999999999,0.1759166666666667
China,1972,6.814416666666667,0.17400000000000002
China,1973,7.209583333333334,0.1911666666666667
China,1974,6.659416666666668,0.2018333333333334
China,1975,7.1009166666666665,0.20266666666666666
China,1976,6.471166666666668,0.19783333333333333
China,1977,6.851333333333333,0.18625000000000003
China,1978,7.048166666666667,0.21333333333333335
China,1979,7.074083333333333,0.16891666666666663
China,1980,6.9500833333333345,0.1439166666666667
China,1981,6.926416666666667,0.19175
China,1982,7.149749999999998,0.17508333333333334
China,1983,6.925083333333334,0.1855
China,1984,6.5179166666666655,0.1759166666666667
China,1985,6.7402500000000005,0.1978333333333333
China,1986,6.870166666666666,0.18625
China,1987,7.249,0.15875
China,1988,7.220833333333334,0.17558333333333334
China,1989,7.23975,0.20316666666666663
China,1990,7.635999999999998,0.18450000000000003
China,1991,7.097166666666667,0.15558333333333332
China,1992,6.858416666666667,0.19825
China,1993,6.919416666666667,0.17266666666666666
China,1994,7.4959999999999996,0.18458333333333332
China,1995,7.2115833333333335,0.15808333333333333
China,1996,6.962666666666667,0.15525
China,1997,7.367333333333332,0.16383333333333333
China,1998,8.051833333333333,0.13641666666666666
China,1999,7.84025,0.151
China,2000,7.238083333333333,0.17558333333333334
China,2001,7.596416666666666,0.17425
China,2002,7.795666666666668,0.1688333333333333
China,2003,7.522000000000001,0.21783333333333332
China,2004,7.712750000000001,0.19625
China,2005,7.4135,0.169
China,2006,7.948,0.18975
China,2007,8.12675,0.13575
China,2008,7.566083333333335,0.1711666666666667
China,2009,7.8095,0.16908333333333334
China,2010,7.548416666666665,0.19366666666666668
China,2011,7.357083333333333,0.18233333333333332
China,2012,7.077083333333332,0.26325000000000004
China,2013,9.295,0.261625
Czech Republic,1960,7.952916666666667,0.27925
Czech Republic,1961,8.537749999999999,0.25233333333333335
Czech Republic,1962,6.963999999999998,0.2960833333333333
Czech Republic,1963,6.945999999999999,0.28408333333333335
Czech Republic,1964,7.514583333333332,0.27325
Czech Republic,1965,6.9870833333333335,0.331
Czech Republic,1966,8.392083333333334,0.2803333333333333
Czech Republic,1967,8.548833333333333,0.24749999999999997
Czech Republic,1968,7.903666666666669,0.28408333333333335
Czech Republic,1969,7.366416666666666,0.3368333333333333
Czech Republic,1970,7.318416666666667,0.28825
Czech Republic,1971,7.9268333333333345,0.3044166666666667
Czech Republic,1972,7.709916666666666,0.30074999999999996
Czech Republic,1973,7.82725,0.27958333333333335
Czech Republic,1974,8.544416666666667,0.2801666666666667
Czech Republic,1975,8.591666666666665,0.29316666666666663
Czech Republic,1976,7.912416666666666,0.26516666666666666
Czech Republic,1977,8.280666666666667,0.2695
Czech Republic,1978,7.347916666666666,0.26916666666666667
Czech Republic,1979,7.7506666666666675,0.21599999999999997
Czech Republic,1980,6.906166666666667,0.22891666666666666
Czech Republic,1981,7.978666666666668,0.23199999999999998
Czech Republic,1982,8.433583333333333,0.26266666666666666
Czech Republic,1983,8.76375,0.23125000000000004
Czech Republic,1984,7.6184166666666675,0.2618333333333333
Czech Republic,1985,7.048666666666667,0.24
Czech Republic,1986,7.682583333333333,0.22758333333333336
Czech Republic,1987,7.157916666666666,0.19749999999999998
Czech Republic,1988,8.523250000000003,0.20691666666666667
Czech Republic,1989,8.984,0.24675000000000002
Czech Republic,1990,8.962666666666665,0.24641666666666664
Czech Republic,1991,7.771999999999999,0.20291666666666666
Czech Republic,1992,9.103833333333332,0.24925000000000005
Czech Republic,1993,8.142,0.23583333333333337
Czech Republic,1994,9.452416666666666,0.21033333333333334
Czech Republic,1995,8.41175,0.19766666666666668
Czech Republic,1996,6.850083333333333,0.19249999999999998
Czech Republic,1997,8.139333333333333,0.227
Czech Republic,1998,8.696,0.19391666666666665
Czech Republic,1999,8.897250000000001,0.20258333333333334
Czech Republic,2000,9.659,0.22808333333333333
Czech Republic,2001,8.378833333333334,0.22175000000000003
Czech Republic,2002,9.203666666666669,0.2045833333333333
Czech Republic,2003,8.871333333333334,0.23691666666666666
Czech Republic,2004,8.445916666666667,0.22374999999999998
Czech Republic,2005,8.327916666666667,0.19591666666666666
Czech Republic,2006,8.865333333333334,0.2643333333333333
Czech Republic,2007,9.601333333333335,0.20274999999999999
Czech Republic,2008,9.41475,0.19025
Czech Republic,2009,8.965666666666666,0.23483333333333334
Czech Republic,2010,7.75225,0.23791666666666664
Czech Republic,2011,9.172166666666667,0.25125
Czech Republic,2012,8.927583333333335,0.30716666666666664
Czech Republic,2013,9.281,0.30824999999999997
France (Europe),1960,10.657583333333333,0.2763333333333333
France (Europe),1961,11.469416666666666,0.26249999999999996
France (Europe),1962,9.887333333333332,0.29158333333333336
France (Europe),1963,9.489749999999999,0.2445833333333333
France (Europe),1964,10.604916666666666,0.23099999999999996
France (Europe),1965,10.043666666666669,0.2646666666666666
France (Europe),1966,10.867500000000001,0.2708333333333333
France (Europe),1967,10.755916666666666,0.2449166666666667
France (Europe),1968,10.409333333333333,0.20575
France (Europe),1969,10.34,0.20533333333333334
France (Europe),1970,10.465416666666666,0.21616666666666665
France (Europe),1971,10.516083333333336,0.23216666666666666
France (Europe),1972,10.147083333333335,0.2495833333333333
France (Europe),1973,10.439416666666668,0.2146666666666667
France (Europe),1974,10.72033333333333,0.20858333333333334
France (Europe),1975,10.607166666666666,0.22541666666666663
France (Europe),1976,10.97625,0.23541666666666664
France (Europe),1977,10.630583333333334,0.18183333333333332
France (Europe),1978,10.174666666666667,0.1970833333333333
France (Europe),1979,10.360750000000001,0.19691666666666666
France (Europe),1980,10.010833333333332,0.16175
France (Europe),1981,10.669416666666669,0.21141666666666667
France (Europe),1982,11.421416666666667,0.18566666666666667
France (Europe),1983,11.130833333333335,0.18433333333333335
France (Europe),1984,10.486416666666667,0.1939166666666667
France (Europe),1985,10.181083333333333,0.20525000000000002
France (Europe),1986,10.441583333333332,0.18874999999999997
France (Europe),1987,10.4345,0.16216666666666665
France (Europe),1988,11.244,0.164
France (Europe),1989,11.731499999999999,0.22433333333333336
France (Europe),1990,11.806083333333333,0.1991666666666667
France (Europe),1991,10.729750000000001,0.15983333333333336
France (Europe),1992,11.111916666666666,0.23816666666666667
France (Europe),1993,10.752666666666665,0.19408333333333336
France (Europe),1994,11.98975,0.19558333333333333
France (Europe),1995,11.578333333333333,0.17308333333333328
France (Europe),1996,10.526166666666667,0.15808333333333333
France (Europe),1997,11.816500000000003,0.21033333333333334
France (Europe),1998,11.261750000000001,0.15891666666666668
France (Europe),1999,11.619166666666667,0.158
France (Europe),2000,11.738083333333334,0.1929166666666667
France (Europe),2001,11.361583333333334,0.18300000000000002
France (Europe),2002,11.767499999999998,0.16766666666666666
France (Europe),2003,12.076916666666667,0.23183333333333336
France (Europe),2004,11.266333333333336,0.18399999999999997
France (Europe),2005,11.229083333333334,0.14991666666666667
France (Europe),2006,11.871250000000002,0.20824999999999994
France (Europe),2007,11.571833333333332,0.17875000000000005
France (Europe),2008,11.20075,0.16966666666666666
France (Europe),2009,11.6075,0.19625000000000004
France (Europe),2010,10.531583333333332,0.18533333333333332
France (Europe),2011,12.27275,0.19625
France (Europe),2012,11.33175,0.27416666666666667
France (Europe),2013,11.19575,0.310875
Germany,1960,8.514166666666666,0.21716666666666665
Germany,1961,9.124166666666666,0.21275
Germany,1962,7.324916666666668,0.25116666666666665
Germany,1963,7.220500000000001,0.23308333333333334
Germany,1964,8.236333333333333,0.19466666666666665
Germany,1965,7.632999999999999,0.23408333333333334
Germany,1966,8.645666666666665,0.23233333333333336
Germany,1967,9.041666666666666,0.22091666666666665
Germany,1968,8.323583333333334,0.20433333333333334
Germany,1969,7.912999999999999,0.21691666666666667
Germany,1970,7.856083333333334,0.21525000000000002
Germany,1971,8.600166666666667,0.21725000000000003
Germany,1972,8.054833333333333,0.21808333333333332
Germany,1973,8.402833333333334,0.213
Germany,1974,8.970416666666667,0.1915
Germany,1975,9.093666666666666,0.2225
Germany,1976,8.6505,0.22816666666666666
Germany,1977,8.804833333333333,0.17741666666666667
Germany,1978,7.9327499999999995,0.2121666666666667
Germany,1979,7.901666666666667,0.18491666666666665
Germany,1980,7.727250000000001,0.15625
Germany,1981,8.3205,0.1980833333333333
Germany,1982,9.073333333333332,0.18466666666666667
Germany,1983,9.185666666666668,0.17825000000000002
Germany,1984,8.123,0.20233333333333334
Germany,1985,7.613333333333333,0.207
Germany,1986,8.085083333333332,0.18783333333333332
Germany,1987,7.58925,0.1779166666666667
Germany,1988,9.195583333333333,0.16516666666666666
Germany,1989,9.679833333333333,0.20858333333333332
Germany,1990,9.6895,0.21966666666666668
Germany,1991,8.523083333333334,0.17758333333333334
Germany,1992,9.505833333333333,0.25533333333333336
Germany,1993,8.6335,0.17983333333333337
Germany,1994,9.847000000000001,0.18425
Germany,1995,9.0335,0.17508333333333337
Germany,1996,7.374416666666669,0.16991666666666663
Germany,1997,9.048666666666666,0.19241666666666665
Germany,1998,9.17175,0.15633333333333335
Germany,1999,9.620750000000001,0.15991666666666668
Germany,2000,10.020416666666666,0.19541666666666668
Germany,2001,9.090416666666666,0.18475
Germany,2002,9.637333333333334,0.16008333333333333
Germany,2003,9.494250000000001,0.22483333333333333
Germany,2004,9.053416666666664,0.19825000000000004
Germany,2005,9.128416666666665,0.16483333333333333
Germany,2006,9.706000000000001,0.2120833333333333
Germany,2007,9.9975,0.17616666666666667
Germany,2008,9.642166666666666,0.19516666666666663
Germany,2009,9.359166666666665,0.2006666666666667
Germany,2010,8.008999999999999,0.1875
Germany,2011,9.819583333333334,0.20016666666666663
Germany,2012,9.227166666666665,0.24450000000000002
Germany,2013,9.23525,0.22524999999999998
India,1960,24.287166666666668,0.2568333333333333
India,1961,23.815250000000002,0.22166666666666665
India,1962,23.88475,0.28733333333333333
India,1963,24.09575,0.2739166666666667
India,1964,24.070499999999996,0.2635
India,1965,24.09091666666667,0.29233333333333333
India,1966,24.438583333333337,0.2615833333333333
India,1967,23.99208333333333,0.26875
India,1968,23.86475,0.25625000000000003
India,1969,24.501166666666666,0.27066666666666667
India,1970,24.074083333333334,0.23625000000000004
India,1971,23.634000000000004,0.2160833333333333
India,1972,24.272166666666667,0.27675
India,1973,24.386583333333334,0.22908333333333333
India,1974,24.175750000000004,0.19658333333333333
India,1975,23.862166666666667,0.24725
India,1976,24.199583333333333,0.22983333333333333
India,1977,24.288916666666665,0.20750000000000002
India,1978,24.00733333333333,0.22816666666666663
India,1979,24.553583333333332,0.19825000000000004
India,1980,24.59308333333333,0.2151666666666667
India,1981,24.22841666666667,0.2184166666666667
India,1982,24.21825,0.18991666666666665
India,1983,23.938,0.17800000000000002
India,1984,24.18508333333334,0.18925
India,1985,24.48633333333333,0.21433333333333335
India,1986,24.2945,0.22041666666666668
India,1987,24.789083333333338,0.20033333333333334
India,1988,24.72775,0.16700000000000004
India,1989,24.162333333333333,0.21824999999999997
India,1990,24.178166666666666,0.2363333333333333
India,1991,24.31175,0.18575
India,1992,24.222916666666663,0.21608333333333332
India,1993,24.408666666666665,0.21525000000000002
India,1994,24.29641666666667,0.23191666666666663
India,1995,24.429749999999995,0.1885833333333333
India,1996,24.436916666666672,0.18508333333333335
India,1997,24.04733333333333,0.22308333333333338
India,1998,24.755416666666665,0.16466666666666666
India,1999,24.659833333333335,0.17108333333333334
India,2000,24.498,0.20025
India,2001,24.581916666666668,0.20258333333333334
India,2002,24.913,0.19375
India,2003,24.649916666666666,0.2565
India,2004,24.634583333333328,0.19899999999999998
India,2005,24.49541666666667,0.1815833333333333
India,2006,24.732083333333332,0.21883333333333332
India,2007,24.649916666666666,0.1759166666666667
India,2008,24.405999999999995,0.17808333333333337
India,2009,25.146666666666658,0.165
India,2010,25.05083333333333,0.20683333333333329
India,2011,24.41558333333333,0.21333333333333335
India,2012,24.640833333333333,0.27091666666666664
India,2013,25.413249999999998,0.2935
Iran,1960,17.89375,0.385
Iran,1961,17.739333333333335,0.3400833333333333
Iran,1962,17.798000000000002,0.3918333333333333
Iran,1963,18.258916666666668,0.25525000000000003
Iran,1964,16.906333333333333,0.32583333333333336
Iran,1965,17.752583333333334,0.3585
Iran,1966,18.403166666666667,0.3179166666666666
Iran,1967,17.28008333333333,0.326
Iran,1968,17.54825,0.32399999999999995
Iran,1969,17.522916666666667,0.3445833333333334
Iran,1970,18.452,0.31316666666666676
Iran,1971,17.901416666666666,0.30216666666666664
Iran,1972,16.42383333333333,0.3273333333333333
Iran,1973,17.786583333333333,0.33358333333333334
Iran,1974,16.98925,0.27408333333333335
Iran,1975,17.44183333333333,0.31083333333333335
Iran,1976,17.35291666666667,0.2855
Iran,1977,18.28291666666667,0.28575
Iran,1978,18.15125,0.30741666666666667
Iran,1979,18.208666666666666,0.2780833333333333
Iran,1980,18.328833333333332,0.25716666666666665
Iran,1981,18.418249999999997,0.2740833333333333
Iran,1982,17.32675,0.2753333333333334
Iran,1983,17.95991666666667,0.29983333333333334
Iran,1984,17.627916666666668,0.27225000000000005
Iran,1985,18.111333333333338,0.28291666666666665
Iran,1986,17.70066666666667,0.24541666666666664
Iran,1987,18.39625,0.24283333333333335
Iran,1988,18.512166666666662,0.2324166666666667
Iran,1989,17.99308333333333,0.3134166666666667
Iran,1990,18.42641666666667,0.30933333333333335
Iran,1991,18.029249999999998,0.21283333333333335
Iran,1992,16.949749999999998,0.2565
Iran,1993,17.741083333333332,0.23441666666666663
Iran,1994,18.386,0.2141666666666667
Iran,1995,18.40791666666667,0.22150000000000003
Iran,1996,18.206416666666666,0.19233333333333333
Iran,1997,18.303250000000002,0.1991666666666667
Iran,1998,19.169916666666666,0.21233333333333335
Iran,1999,19.15791666666667,0.21091666666666667
Iran,2000,18.892083333333332,0.2041666666666667
Iran,2001,19.473833333333335,0.26400000000000007
Iran,2002,19.142416666666666,0.27625000000000005
Iran,2003,18.915166666666668,0.3359166666666667
Iran,2004,19.149916666666666,0.2624166666666667
Iran,2005,18.806666666666665,0.28691666666666665
Iran,2006,19.211916666666667,0.2841666666666667
Iran,2007,18.74041666666667,0.24508333333333332
Iran,2008,18.90491666666667,0.2524166666666667
Iran,2009,19.1095,0.2479166666666667
Iran,2010,20.09016666666667,0.26166666666666666
Iran,2011,18.91541666666667,0.26958333333333334
Iran,2012,18.959666666666664,0.2889166666666667
Iran,2013,20.541000000000004,0.579625
Italy,1960,13.072833333333335,0.27466666666666667
Italy,1961,13.570583333333332,0.25466666666666665
Italy,1962,12.658000000000001,0.28933333333333333
Italy,1963,12.604583333333332,0.21958333333333332
Italy,1964,12.991333333333332,0.23291666666666666
Italy,1965,12.455583333333331,0.28350000000000003
Italy,1966,13.040583333333336,0.25016666666666665
Italy,1967,13.137250000000002,0.21783333333333332
Italy,1968,12.845250000000002,0.22133333333333335
Italy,1969,12.629583333333334,0.22375
Italy,1970,12.840583333333335,0.21475000000000002
Italy,1971,12.788916666666665,0.22391666666666668
Italy,1972,12.716833333333334,0.22533333333333336
Italy,1973,12.798500000000002,0.22091666666666668
Italy,1974,12.807583333333335,0.22316666666666665
Italy,1975,12.937166666666668,0.25466666666666665
Italy,1976,12.503166666666665,0.23908333333333331
Italy,1977,13.03875,0.18766666666666668
Italy,1978,12.373666666666667,0.22183333333333333
Italy,1979,12.898166666666667,0.18391666666666664
Italy,1980,12.239583333333336,0.19875
Italy,1981,12.77675,0.20941666666666667
Italy,1982,13.439916666666669,0.19266666666666665
Italy,1983,13.188333333333334,0.23983333333333334
Italy,1984,12.486333333333329,0.21283333333333335
Italy,1985,13.058333333333332,0.23575000000000004
Italy,1986,13.132833333333336,0.20183333333333334
Italy,1987,13.176499999999999,0.19100000000000003
Italy,1988,13.507666666666665,0.17799999999999996
Italy,1989,13.329166666666666,0.2435833333333333
Italy,1990,13.716916666666664,0.20516666666666664
Italy,1991,12.853499999999999,0.18308333333333335
Italy,1992,13.58175,0.24258333333333337
Italy,1993,13.409666666666666,0.2143333333333333
Italy,1994,14.284833333333333,0.22758333333333333
Italy,1995,13.234083333333333,0.19941666666666666
Italy,1996,13.006999999999998,0.21141666666666667
Italy,1997,13.838833333333332,0.2253333333333333
Italy,1998,13.662333333333336,0.23149999999999996
Italy,1999,13.762999999999998,0.19750000000000004
Italy,2000,14.1255,0.2385833333333333
Italy,2001,13.954250000000002,0.219
Italy,2002,13.934,0.19933333333333333
Italy,2003,14.296916666666668,0.24966666666666668
Italy,2004,13.559833333333332,0.2101666666666667
Italy,2005,13.028583333333332,0.2104166666666667
Italy,2006,13.787333333333335,0.24441666666666664
Italy,2007,14.073333333333336,0.20858333333333334
Italy,2008,13.881250000000001,0.19841666666666669
Italy,2009,14.052916666666667,0.24308333333333332
Italy,2010,13.324916666666669,0.23925
Italy,2011,14.173166666666667,0.2704166666666667
Italy,2012,14.079,0.3425
Italy,2013,14.165,0.38362499999999994
Japan,1960,12.599833333333335,0.21658333333333332
Japan,1961,13.045499999999999,0.21208333333333332
Japan,1962,12.466166666666666,0.2574166666666667
Japan,1963,12.29325,0.21141666666666667
Japan,1964,12.34975,0.19633333333333336
Japan,1965,11.687916666666666,0.24308333333333332
Japan,1966,12.134416666666667,0.18925
Japan,1967,12.266333333333334,0.20083333333333334
Japan,1968,12.190416666666664,0.18108333333333335
Japan,1969,11.848999999999998,0.1849166666666667
Japan,1970,11.929,0.19233333333333333
Japan,1971,11.983416666666665,0.17308333333333334
Japan,1972,12.592166666666666,0.20125000000000004
Japan,1973,12.414749999999998,0.2066666666666667
Japan,1974,11.7905,0.20491666666666664
Japan,1975,12.336999999999998,0.21308333333333332
Japan,1976,11.7475,0.21116666666666664
Japan,1977,12.19825,0.1949166666666667
Japan,1978,12.505333333333333,0.19983333333333334
Japan,1979,12.842583333333332,0.17741666666666667
Japan,1980,11.795083333333336,0.14708333333333334
Japan,1981,11.629416666666664,0.18808333333333335
Japan,1982,12.336333333333334,0.16975000000000004
Japan,1983,12.121916666666666,0.19274999999999998
Japan,1984,11.659916666666668,0.19266666666666665
Japan,1985,12.281333333333334,0.19841666666666669
Japan,1986,11.691416666666663,0.17049999999999998
Japan,1987,12.543833333333334,0.1638333333333333
Japan,1988,11.967666666666666,0.15641666666666665
Japan,1989,12.91175,0.1841666666666667
Japan,1990,13.590583333333333,0.20275
Japan,1991,12.783166666666666,0.15958333333333333
Japan,1992,12.484250000000001,0.22125000000000003
Japan,1993,12.055166666666667,0.17466666666666664
Japan,1994,13.229749999999997,0.1719166666666667
Japan,1995,12.475416666666668,0.16266666666666668
Japan,1996,12.082833333333333,0.15641666666666665
Japan,1997,12.752416666666667,0.17341666666666666
Japan,1998,13.244750000000003,0.15275
Japan,1999,13.080083333333333,0.15966666666666668
Japan,2000,12.833833333333336,0.18658333333333335
Japan,2001,12.450000000000001,0.17583333333333329
Japan,2002,12.837333333333333,0.16316666666666668
Japan,2003,12.507,0.21999999999999997
Japan,2004,13.435666666666668,0.17116666666666666
Japan,2005,12.555916666666667,0.15675
Japan,2006,12.757083333333334,0.19974999999999998
Japan,2007,13.192166666666665,0.17341666666666666
Japan,2008,12.874916666666666,0.18375
Japan,2009,12.933833333333332,0.20158333333333334
Japan,2010,13.215583333333333,0.18758333333333332
Japan,2011,12.737749999999998,0.19025
Japan,2012,12.565666666666667,0.2569166666666667
Japan,2013,12.964749999999999,0.332125
Kazakhstan,1960,4.318833333333334,0.32508333333333334
Kazakhstan,1961,6.357583333333334,0.28383333333333327
Kazakhstan,1962,6.529583333333331,0.32608333333333334
Kazakhstan,1963,6.677416666666667,0.3055833333333334
Kazakhstan,1964,4.974583333333334,0.313
Kazakhstan,1965,6.236166666666667,0.3219166666666667
Kazakhstan,1966,5.78025,0.308
Kazakhstan,1967,5.923583333333333,0.3363333333333334
Kazakhstan,1968,5.392,0.2941666666666667
Kazakhstan,1969,3.7237500000000003,0.25566666666666665
Kazakhstan,1970,5.547000000000001,0.23475
Kazakhstan,1971,6.325166666666667,0.28291666666666665
Kazakhstan,1972,4.3566666666666665,0.3954166666666667
Kazakhstan,1973,6.086083333333335,0.25558333333333344
Kazakhstan,1974,5.2562500000000005,0.2310833333333334
Kazakhstan,1975,6.527583333333333,0.24733333333333338
Kazakhstan,1976,4.447166666666667,0.24349999999999997
Kazakhstan,1977,6.077666666666666,0.2036666666666667
Kazakhstan,1978,6.040166666666667,0.21466666666666667
Kazakhstan,1979,6.119583333333334,0.20766666666666667
Kazakhstan,1980,5.7067499999999995,0.22183333333333333
Kazakhstan,1981,6.71525,0.22791666666666666
Kazakhstan,1982,6.257583333333334,0.24241666666666664
Kazakhstan,1983,7.660083333333333,0.23791666666666667
Kazakhstan,1984,4.852333333333334,0.2339166666666667
Kazakhstan,1985,5.49775,0.26308333333333334
Kazakhstan,1986,5.68725,0.24491666666666664
Kazakhstan,1987,5.526083333333332,0.23408333333333334
Kazakhstan,1988,6.377666666666669,0.20391666666666663
Kazakhstan,1989,6.517000000000002,0.23450000000000001
Kazakhstan,1990,6.555750000000001,0.239
Kazakhstan,1991,6.470999999999999,0.2054166666666667
Kazakhstan,1992,5.809666666666668,0.256
Kazakhstan,1993,4.702249999999999,0.2583333333333333
Kazakhstan,1994,5.536500000000001,0.25475000000000003
Kazakhstan,1995,7.335333333333335,0.2589166666666667
Kazakhstan,1996,5.100833333333333,0.25925000000000004
Kazakhstan,1997,7.065333333333334,0.29791666666666666
Kazakhstan,1998,6.248916666666666,0.261
Kazakhstan,1999,6.9755,0.27775
Kazakhstan,2000,6.761416666666668,0.27258333333333334
Kazakhstan,2001,6.813083333333334,0.2860833333333333
Kazakhstan,2002,7.301583333333333,0.30274999999999996
Kazakhstan,2003,6.1314166666666665,0.32075
Kazakhstan,2004,7.393000000000001,0.2784166666666667
Kazakhstan,2005,6.998833333333333,0.23566666666666666
Kazakhstan,2006,6.869833333333332,0.2594166666666667
Kazakhstan,2007,7.155166666666666,0.2575
Kazakhstan,2008,7.028916666666667,0.2475833333333333
Kazakhstan,2009,6.382083333333333,0.24641666666666662
Kazakhstan,2010,6.710000000000001,0.25875000000000004
Kazakhstan,2011,5.69625,0.2946666666666667
Kazakhstan,2012,6.075416666666668,0.4486666666666667
Kazakhstan,2013,8.937249999999999,0.43624999999999997
Mexico,1960,20.746583333333337,0.22991666666666666
Mexico,1961,20.723916666666664,0.19450000000000003
Mexico,1962,20.99333333333333,0.2568333333333333
Mexico,1963,20.879416666666668,0.23683333333333334
Mexico,1964,20.586333333333336,0.22041666666666668
Mexico,1965,20.7345,0.26175
Mexico,1966,20.389666666666667,0.21775
Mexico,1967,20.683333333333334,0.21733333333333335
Mexico,1968,20.31608333333333,0.22491666666666668
Mexico,1969,20.95883333333333,0.2038333333333333
Mexico,1970,20.490083333333335,0.22324999999999998
Mexico,1971,20.640333333333334,0.2210833333333333
Mexico,1972,20.974999999999998,0.22375
Mexico,1973,20.496166666666667,0.23933333333333337
Mexico,1974,20.6315,0.22950000000000004
Mexico,1975,20.449333333333332,0.23649999999999996
Mexico,1976,20.145666666666667,0.24183333333333332
Mexico,1977,20.841250000000002,0.20775
Mexico,1978,20.755499999999998,0.22558333333333336
Mexico,1979,20.569000000000003,0.18825
Mexico,1980,21.035666666666668,0.1811666666666667
Mexico,1981,20.75375,0.22716666666666666
Mexico,1982,21.051083333333334,0.21308333333333332
Mexico,1983,20.675416666666667,0.21458333333333335
Mexico,1984,20.511499999999998,0.20466666666666666
Mexico,1985,20.603916666666667,0.2224166666666667
Mexico,1986,20.850666666666665,0.19391666666666665
Mexico,1987,20.455166666666667,0.2048333333333333
Mexico,1988,20.736083333333333,0.1895833333333333
Mexico,1989,20.96516666666667,0.24758333333333335
Mexico,1990,20.96083333333333,0.21024999999999996
Mexico,1991,20.83966666666667,0.18391666666666664
Mexico,1992,20.650333333333332,0.23491666666666666
Mexico,1993,20.938833333333335,0.19258333333333336
Mexico,1994,21.32575,0.2145
Mexico,1995,21.370666666666665,0.19225
Mexico,1996,21.132166666666667,0.21275000000000002
Mexico,1997,20.898583333333335,0.1970833333333333
Mexico,1998,21.53175,0.17825
Mexico,1999,21.1285,0.22875
Mexico,2000,21.232083333333332,0.2308333333333333
Mexico,2001,21.133,0.24750000000000003
Mexico,2002,21.225,0.2376666666666667
Mexico,2003,21.32941666666667,0.2685
Mexico,2004,20.924833333333336,0.20850000000000002
Mexico,2005,21.4135,0.19425000000000003
Mexico,2006,21.418083333333332,0.2366666666666667
Mexico,2007,21.079333333333338,0.20600000000000004
Mexico,2008,21.085250000000002,0.1995
Mexico,2009,21.546083333333332,0.20591666666666664
Mexico,2010,20.852916666666665,0.21774999999999997
Mexico,2011,21.599333333333334,0.24533333333333338
Mexico,2012,21.652416666666664,0.32449999999999996
Mexico,2013,22.219222222222225,0.36511111111111105
Netherlands (Europe),1960,9.631166666666667,0.25
Netherlands (Europe),1961,9.946,0.27041666666666664
Netherlands (Europe),1962,8.140666666666666,0.2665
Netherlands (Europe),1963,7.831333333333332,0.2628333333333333
Netherlands (Europe),1964,9.154333333333334,0.23150000000000004
Netherlands (Europe),1965,8.706083333333334,0.24208333333333332
Netherlands (Europe),1966,9.432916666666667,0.2829166666666667
Netherlands (Europe),1967,9.916749999999999,0.2758333333333333
Netherlands (Europe),1968,9.152,0.21408333333333332
Netherlands (Europe),1969,9.123666666666667,0.22683333333333333
Netherlands (Europe),1970,9.025333333333334,0.22574999999999998
Netherlands (Europe),1971,9.517333333333331,0.22891666666666668
Netherlands (Europe),1972,8.960500000000001,0.26275
Netherlands (Europe),1973,9.45175,0.2314166666666667
Netherlands (Europe),1974,9.748583333333334,0.25
Netherlands (Europe),1975,9.882666666666669,0.252
Netherlands (Europe),1976,9.787666666666667,0.2353333333333333
Netherlands (Europe),1977,9.642500000000002,0.23141666666666663
Netherlands (Europe),1978,8.934916666666666,0.24966666666666668
Netherlands (Europe),1979,8.464583333333332,0.2268333333333333
Netherlands (Europe),1980,9.054,0.17966666666666667
Netherlands (Europe),1981,9.234083333333333,0.23299999999999998
Netherlands (Europe),1982,9.953000000000001,0.20283333333333334
Netherlands (Europe),1983,9.965666666666666,0.19041666666666668
Netherlands (Europe),1984,9.300916666666668,0.19824999999999995
Netherlands (Europe),1985,8.417833333333334,0.23216666666666666
Netherlands (Europe),1986,8.810083333333335,0.216
Netherlands (Europe),1987,8.614416666666665,0.20350000000000001
Netherlands (Europe),1988,10.155833333333334,0.18625
Netherlands (Europe),1989,10.5645,0.21766666666666665
Netherlands (Europe),1990,10.629916666666668,0.24050000000000002
Netherlands (Europe),1991,9.353666666666667,0.1905
Netherlands (Europe),1992,10.373083333333332,0.27691666666666664
Netherlands (Europe),1993,9.446583333333333,0.19399999999999998
Netherlands (Europe),1994,10.4645,0.19549999999999998
Netherlands (Europe),1995,10.204916666666668,0.19141666666666665
Netherlands (Europe),1996,8.31425,0.1805
Netherlands (Europe),1997,10.018583333333334,0.18758333333333332
Netherlands (Europe),1998,10.122250000000001,0.1748333333333333
Netherlands (Europe),1999,10.71825,0.18758333333333332
Netherlands (Europe),2000,10.738750000000001,0.2114166666666667
Netherlands (Europe),2001,10.192666666666668,0.19666666666666666
Netherlands (Europe),2002,10.634416666666667,0.18108333333333335
Netherlands (Europe),2003,10.310916666666667,0.25658333333333333
Netherlands (Europe),2004,10.245416666666667,0.2035
Netherlands (Europe),2005,10.438333333333333,0.17533333333333334
Netherlands (Europe),2006,10.915750000000001,0.22258333333333333
Netherlands (Europe),2007,11.014416666666667,0.18925
Netherlands (Europe),2008,10.415416666666667,0.19316666666666668
Netherlands (Europe),2009,10.318416666666666,0.2071666666666667
Netherlands (Europe),2010,8.838416666666665,0.20483333333333334
Netherlands (Europe),2011,10.70125,0.18475
Netherlands (Europe),2012,10.046916666666666,0.23500000000000007
Netherlands (Europe),2013,9.4525,0.24687499999999998
Poland,1960,7.877166666666667,0.3413333333333333
Poland,1961,8.537333333333333,0.31124999999999997
Poland,1962,6.986750000000001,0.39724999999999994
Poland,1963,6.735083333333335,0.34875000000000006
Poland,1964,7.253416666666666,0.3720833333333334
Poland,1965,6.441916666666668,0.43933333333333335
Poland,1966,8.163666666666668,0.36899999999999994
Poland,1967,8.541500000000001,0.30033333333333334
Poland,1968,7.925916666666666,0.3638333333333334
Poland,1969,6.655833333333334,0.4190833333333333
Poland,1970,6.8215833333333356,0.3685833333333333
Poland,1971,7.865166666666667,0.2773333333333333
Poland,1972,7.77525,0.23749999999999996
Poland,1973,7.9135,0.34041666666666665
Poland,1974,8.497916666666667,0.33316666666666667
Poland,1975,8.88275,0.33716666666666667
Poland,1976,7.143083333333334,0.32016666666666665
Poland,1977,8.135333333333334,0.28958333333333336
Poland,1978,7.119250000000001,0.277
Poland,1979,7.202833333333334,0.26366666666666666
Poland,1980,6.690416666666667,0.24233333333333332
Poland,1981,7.844166666666665,0.31925000000000003
Poland,1982,8.4135,0.2731666666666667
Poland,1983,8.914083333333336,0.2824166666666667
Poland,1984,7.905333333333332,0.27425000000000005
Poland,1985,6.792166666666668,0.2731666666666667
Poland,1986,7.459083333333333,0.2735
Poland,1987,6.574749999999999,0.22491666666666674
Poland,1988,8.280416666666666,0.26999999999999996
Poland,1989,9.423416666666666,0.30749999999999994
Poland,1990,9.231666666666667,0.2525
Poland,1991,7.9446666666666665,0.2074166666666667
Poland,1992,8.813499999999998,0.26058333333333333
Poland,1993,7.831083333333333,0.2599166666666667
Poland,1994,8.921,0.23691666666666666
Poland,1995,8.262250000000003,0.2303333333333333
Poland,1996,6.7685,0.2366666666666667
Poland,1997,7.980666666666668,0.26399999999999996
Poland,1998,8.315166666666668,0.21325000000000005
Poland,1999,9.034999999999998,0.19991666666666666
Poland,2000,9.622166666666667,0.222
Poland,2001,8.333833333333333,0.24774999999999994
Poland,2002,9.171166666666666,0.20850000000000002
Poland,2003,8.385083333333334,0.246
Poland,2004,8.3905,0.26108333333333333
Poland,2005,8.4185,0.22575000000000003
Poland,2006,8.799916666666665,0.25075
Poland,2007,9.418083333333334,0.22266666666666665
Poland,2008,9.469166666666666,0.216
Poland,2009,8.652916666666666,0.23266666666666666
Poland,2010,7.621416666666666,0.22175000000000003
Poland,2011,8.951666666666666,0.26966666666666667
Poland,2012,8.53775,0.30291666666666667
Poland,2013,9.257875,0.32325
Romania,1960,9.603250000000001,0.30075
Romania,1961,9.588750000000001,0.25825
Romania,1962,9.015666666666666,0.29341666666666666
Romania,1963,8.713166666666666,0.3385
Romania,1964,8.539333333333335,0.338
Romania,1965,8.3635,0.3044166666666667
Romania,1966,9.925083333333335,0.2600833333333334
Romania,1967,9.286666666666667,0.27466666666666667
Romania,1968,9.416583333333334,0.25725000000000003
Romania,1969,8.43975,0.37166666666666665
Romania,1970,9.108166666666666,0.27266666666666667
Romania,1971,9.097416666666666,0.23816666666666664
Romania,1972,9.288000000000002,0.30224999999999996
Romania,1973,8.684166666666668,0.26866666666666666
Romania,1974,9.130916666666666,0.24741666666666665
Romania,1975,9.679083333333333,0.2779166666666667
Romania,1976,8.195583333333333,0.2655
Romania,1977,9.3245,0.2101666666666667
Romania,1978,8.360499999999998,0.23800000000000002
Romania,1979,9.396666666666665,0.21333333333333337
Romania,1980,8.076916666666666,0.21199999999999997
Romania,1981,9.002,0.22808333333333333
Romania,1982,9.054416666666667,0.269
Romania,1983,9.514416666666666,0.248
Romania,1984,9.080333333333332,0.22941666666666669
Romania,1985,7.914416666666667,0.25975
Romania,1986,8.936416666666668,0.217
Romania,1987,8.656,0.24566666666666662
Romania,1988,9.078333333333333,0.2133333333333333
Romania,1989,9.67875,0.22541666666666668
Romania,1990,10.226,0.26875000000000004
Romania,1991,8.728166666666665,0.20224999999999996
Romania,1992,9.562583333333334,0.26866666666666666
Romania,1993,8.862916666666669,0.24025
Romania,1994,10.609,0.21375000000000002
Romania,1995,9.138749999999998,0.20433333333333334
Romania,1996,8.649416666666665,0.2508333333333333
Romania,1997,8.523666666666667,0.24449999999999997
Romania,1998,9.178416666666667,0.22383333333333333
Romania,1999,10.091000000000001,0.23291666666666666
Romania,2000,10.472249999999999,0.2313333333333333
Romania,2001,9.638583333333335,0.21791666666666668
Romania,2002,10.392666666666665,0.24266666666666667
Romania,2003,9.340166666666667,0.27791666666666665
Romania,2004,9.558166666666667,0.24725
Romania,2005,9.123166666666664,0.2524166666666667
Romania,2006,9.469,0.28425
Romania,2007,10.868333333333332,0.25866666666666666
Romania,2008,10.460999999999999,0.25933333333333336
Romania,2009,10.470666666666668,0.261
Romania,2010,9.851666666666665,0.324
Romania,2011,9.569,0.2731666666666666
Romania,2012,10.301083333333333,0.37433333333333335
Romania,2013,11.6455,0.363125
Russia,1960,-5.935999999999999,0.2695
Russia,1961,-4.960333333333334,0.23016666666666663
Russia,1962,-4.416249999999999,0.244
Russia,1963,-5.008166666666666,0.20625000000000002
Russia,1964,-5.785833333333333,0.23033333333333336
Russia,1965,-5.907416666666665,0.27366666666666667
Russia,1966,-6.309583333333333,0.22499999999999998
Russia,1967,-4.36325,0.24616666666666673
Russia,1968,-5.589583333333334,0.2195
Russia,1969,-6.766083333333334,0.19791666666666666
Russia,1970,-5.5225833333333325,0.19949999999999993
Russia,1971,-4.971166666666668,0.21683333333333335
Russia,1972,-5.702000000000001,0.23758333333333329
Russia,1973,-4.833583333333334,0.21825000000000003
Russia,1974,-5.671749999999999,0.206
Russia,1975,-4.1410833333333334,0.22958333333333333
Russia,1976,-5.927,0.23583333333333334
Russia,1977,-5.513000000000001,0.219
Russia,1978,-5.255916666666665,0.21958333333333335
Russia,1979,-5.904333333333333,0.19175
Russia,1980,-5.420750000000002,0.1850833333333333
Russia,1981,-4.166166666666666,0.20533333333333337
Russia,1982,-5.097583333333334,0.21008333333333332
Russia,1983,-3.951833333333333,0.19458333333333333
Russia,1984,-5.294249999999999,0.19208333333333336
Russia,1985,-5.521166666666666,0.22708333333333333
Russia,1986,-4.89225,0.20725000000000005
Russia,1987,-6.273999999999998,0.17233333333333334
Russia,1988,-4.330416666666667,0.19349999999999998
Russia,1989,-4.07325,0.21283333333333335
Russia,1990,-4.022916666666667,0.228
Russia,1991,-4.236999999999999,0.18158333333333335
Russia,1992,-4.903250000000001,0.24375000000000002
Russia,1993,-4.62175,0.2045
Russia,1994,-4.898416666666667,0.21408333333333338
Russia,1995,-3.1301666666666663,0.20425000000000001
Russia,1996,-4.8103333333333325,0.21050000000000002
Russia,1997,-4.296500000000001,0.24591666666666667
Russia,1998,-5.281083333333333,0.19458333333333333
Russia,1999,-4.829750000000001,0.20383333333333334
Russia,2000,-4.5456666666666665,0.21841666666666668
Russia,2001,-4.490666666666667,0.22041666666666668
Russia,2002,-4.122916666666668,0.2081666666666667
Russia,2003,-3.8328333333333338,0.2554166666666667
Russia,2004,-4.493583333333333,0.22425000000000003
Russia,2005,-3.4980833333333323,0.21324999999999997
Russia,2006,-4.762999999999999,0.26199999999999996
Russia,2007,-2.975083333333334,0.229
Russia,2008,-3.305416666666666,0.2126666666666667
Russia,2009,-4.608500000000002,0.22983333333333336
Russia,2010,-4.520583333333334,0.2176666666666667
Russia,2011,-3.4015833333333325,0.22125000000000003
Russia,2012,-3.90175,0.3415000000000001
Russia,2013,-2.2631250000000014,0.4413749999999999
Spain,1960,13.7815,0.29150000000000004
Spain,1961,14.636083333333334,0.22050000000000003
Spain,1962,13.812583333333334,0.279
Spain,1963,13.395250000000003,0.24808333333333335
Spain,1964,14.064749999999998,0.24341666666666664
Spain,1965,13.654916666666667,0.2665
Spain,1966,13.969916666666665,0.24691666666666667
Spain,1967,13.697916666666666,0.246
Spain,1968,13.938833333333333,0.21924999999999997
Spain,1969,13.211333333333334,0.22416666666666665
Spain,1970,13.72,0.21983333333333333
Spain,1971,13.091583333333332,0.21608333333333332
Spain,1972,12.810666666666668,0.2178333333333334
Spain,1973,13.420166666666665,0.22999999999999998
Spain,1974,13.324166666666665,0.2339166666666667
Spain,1975,13.374250000000002,0.23383333333333334
Spain,1976,13.434999999999997,0.23458333333333337
Spain,1977,13.548499999999999,0.21058333333333332
Spain,1978,13.716666666666667,0.2318333333333333
Spain,1979,13.831666666666665,0.2193333333333333
Spain,1980,13.604249999999999,0.19400000000000003
Spain,1981,14.273249999999999,0.24750000000000003
Spain,1982,14.204999999999998,0.20408333333333337
Spain,1983,14.1945,0.214
Spain,1984,13.365749999999998,0.19133333333333333
Spain,1985,14.131833333333333,0.24325000000000005
Spain,1986,13.876250000000004,0.23274999999999998
Spain,1987,14.460916666666668,0.21266666666666667
Spain,1988,14.161333333333333,0.18074999999999997
Spain,1989,15.045916666666665,0.2364166666666667
Spain,1990,14.762083333333335,0.23491666666666666
Spain,1991,14.007166666666665,0.20325000000000001
Spain,1992,13.955249999999998,0.25225000000000003
Spain,1993,13.50066666666667,0.20875000000000002
Spain,1994,14.650999999999998,0.21183333333333335
Spain,1995,15.072166666666666,0.22583333333333333
Spain,1996,14.151250000000003,0.20891666666666664
Spain,1997,15.105916666666666,0.24900000000000003
Spain,1998,14.552000000000001,0.2031666666666667
Spain,1999,14.3665,0.1945
Spain,2000,14.46875,0.25025000000000003
Spain,2001,14.616083333333334,0.21258333333333332
Spain,2002,14.647916666666667,0.21775
Spain,2003,14.996916666666666,0.26091666666666674
Spain,2004,14.396416666666669,0.23075000000000004
Spain,2005,14.303583333333334,0.19716666666666668
Spain,2006,15.105916666666666,0.23458333333333337
Spain,2007,14.241333333333335,0.23291666666666658
Spain,2008,14.2295,0.23333333333333336
Spain,2009,14.968083333333333,0.238
Spain,2010,14.246000000000002,0.2191666666666667
Spain,2011,15.321083333333334,0.2579166666666666
Spain,2012,14.58,0.3034166666666666
Spain,2013,14.858875000000001,0.28425
Ukraine,1960,8.558,0.23283333333333334
Ukraine,1961,8.61725,0.25199999999999995
Ukraine,1962,8.348249999999998,0.30650000000000005
Ukraine,1963,7.409583333333334,0.2775
Ukraine,1964,7.4647499999999996,0.25799999999999995
Ukraine,1965,7.10325,0.2861666666666667
Ukraine,1966,9.345666666666666,0.26966666666666667
Ukraine,1967,8.327916666666667,0.26799999999999996
Ukraine,1968,8.091416666666666,0.24791666666666665
Ukraine,1969,6.782333333333333,0.24133333333333337
Ukraine,1970,8.154166666666667,0.218
Ukraine,1971,8.22125,0.22116666666666665
Ukraine,1972,8.386833333333335,0.2569166666666666
Ukraine,1973,7.728333333333332,0.2290833333333334
Ukraine,1974,8.300416666666667,0.21374999999999997
Ukraine,1975,9.365166666666667,0.23941666666666664
Ukraine,1976,6.668416666666666,0.23900000000000002
Ukraine,1977,7.978749999999999,0.18725
Ukraine,1978,7.242166666666667,0.20283333333333334
Ukraine,1979,8.242166666666668,0.1958333333333333
Ukraine,1980,6.900083333333332,0.19066666666666665
Ukraine,1981,8.764666666666667,0.2040833333333333
Ukraine,1982,8.1415,0.20933333333333334
Ukraine,1983,8.964666666666668,0.232
Ukraine,1984,7.9736666666666665,0.21033333333333337
Ukraine,1985,6.563500000000001,0.22474999999999998
Ukraine,1986,8.010666666666669,0.20958333333333334
Ukraine,1987,6.1825,0.20174999999999998
Ukraine,1988,7.781333333333333,0.1955
Ukraine,1989,9.523750000000001,0.22925000000000004
Ukraine,1990,9.400833333333333,0.2334166666666667
Ukraine,1991,8.300166666666666,0.1775
Ukraine,1992,8.37975,0.22316666666666665
Ukraine,1993,7.458416666666666,0.18416666666666667
Ukraine,1994,8.80725,0.20658333333333337
Ukraine,1995,8.709083333333334,0.17883333333333332
Ukraine,1996,7.552583333333332,0.19333333333333333
Ukraine,1997,7.604583333333333,0.22625000000000003
Ukraine,1998,8.455583333333335,0.1918333333333333
Ukraine,1999,9.50725,0.18191666666666664
Ukraine,2000,9.316333333333334,0.20350000000000001
Ukraine,2001,8.938666666666668,0.17241666666666666
Ukraine,2002,9.377166666666666,0.20274999999999999
Ukraine,2003,8.219666666666667,0.221
Ukraine,2004,8.850499999999998,0.23858333333333334
Ukraine,2005,8.917333333333334,0.20024999999999996
Ukraine,2006,8.454666666666666,0.23216666666666666
Ukraine,2007,10.055416666666668,0.2308333333333333
Ukraine,2008,9.55975,0.2021666666666667
Ukraine,2009,9.4285,0.2123333333333333
Ukraine,2010,9.453,0.25275
Ukraine,2011,8.790833333333335,0.2465833333333333
Ukraine,2012,9.290666666666665,0.30366666666666664
Ukraine,2013,10.913499999999999,0.314375
United Kingdom (Europe),1960,9.070666666666666,0.24383333333333332
United Kingdom (Europe),1961,9.198333333333332,0.25025000000000003
United Kingdom (Europe),1962,8.072916666666666,0.2833333333333333
United Kingdom (Europe),1963,7.898,0.24491666666666667
United Kingdom (Europe),1964,8.85625,0.22258333333333333
United Kingdom (Europe),1965,8.264333333333335,0.26933333333333337
United Kingdom (Europe),1966,8.732083333333334,0.23324999999999999
United Kingdom (Europe),1967,8.993083333333333,0.2618333333333333
United Kingdom (Europe),1968,8.686166666666667,0.22899999999999998
United Kingdom (Europe),1969,8.610916666666666,0.2310833333333333
United Kingdom (Europe),1970,8.814250000000001,0.2366666666666666
United Kingdom (Europe),1971,9.243583333333333,0.23258333333333334
United Kingdom (Europe),1972,8.657583333333333,0.25325000000000003
United Kingdom (Europe),1973,8.9555,0.22616666666666663
United Kingdom (Europe),1974,8.916583333333334,0.22091666666666665
United Kingdom (Europe),1975,9.259333333333332,0.22483333333333333
United Kingdom (Europe),1976,9.288666666666668,0.22666666666666666
United Kingdom (Europe),1977,8.7895,0.21999999999999997
United Kingdom (Europe),1978,8.672,0.22566666666666668
United Kingdom (Europe),1979,8.134,0.20233333333333334
United Kingdom (Europe),1980,8.798416666666666,0.15975
United Kingdom (Europe),1981,8.610833333333332,0.19125
United Kingdom (Europe),1982,9.1575,0.17450000000000002
United Kingdom (Europe),1983,9.235916666666666,0.20483333333333334
United Kingdom (Europe),1984,9.0865,0.1935
United Kingdom (Europe),1985,8.252499999999998,0.22116666666666665
United Kingdom (Europe),1986,8.104416666666667,0.19625
United Kingdom (Europe),1987,8.445333333333334,0.16808333333333336
United Kingdom (Europe),1988,9.138083333333332,0.17616666666666667
United Kingdom (Europe),1989,9.736166666666668,0.21166666666666667
United Kingdom (Europe),1990,9.857833333333334,0.21841666666666668
United Kingdom (Europe),1991,8.997499999999999,0.17641666666666667
United Kingdom (Europe),1992,9.192666666666666,0.23500000000000007
United Kingdom (Europe),1993,8.769499999999999,0.19391666666666665
United Kingdom (Europe),1994,9.330666666666668,0.20291666666666666
United Kingdom (Europe),1995,9.626666666666665,0.19458333333333336
United Kingdom (Europe),1996,8.658499999999998,0.16958333333333334
United Kingdom (Europe),1997,9.85525,0.19516666666666663
United Kingdom (Europe),1998,9.585333333333335,0.16749999999999998
United Kingdom (Europe),1999,9.830083333333334,0.18416666666666667
United Kingdom (Europe),2000,9.5655,0.1900833333333333
United Kingdom (Europe),2001,9.288666666666668,0.19025
United Kingdom (Europe),2002,9.905833333333334,0.19208333333333336
United Kingdom (Europe),2003,9.9445,0.23625
United Kingdom (Europe),2004,9.892666666666669,0.19008333333333335
United Kingdom (Europe),2005,9.847333333333333,0.18833333333333332
United Kingdom (Europe),2006,10.128833333333333,0.22508333333333333
United Kingdom (Europe),2007,10.021166666666666,0.16541666666666666
United Kingdom (Europe),2008,9.505,0.18633333333333335
United Kingdom (Europe),2009,9.630583333333334,0.19666666666666666
United Kingdom (Europe),2010,8.479833333333334,0.1895
United Kingdom (Europe),2011,10.085166666666664,0.20991666666666667
United Kingdom (Europe),2012,9.185166666666666,0.24991666666666665
United Kingdom (Europe),2013,9.10825,0.3415
United States,1960,8.69225,0.18025
United States,1961,8.642,0.18725000000000006
United States,1962,8.9565,0.23825
United States,1963,9.079999999999998,0.1859166666666667
United States,1964,8.491666666666667,0.17241666666666666
United States,1965,8.647666666666666,0.22675
United States,1966,8.483,0.19025
United States,1967,8.902000000000001,0.1951666666666667
United States,1968,8.553249999999998,0.1865
United States,1969,8.770833333333334,0.17258333333333334
United States,1970,8.673,0.17758333333333334
United States,1971,8.4425,0.16825
United States,1972,8.428083333333335,0.18383333333333338
United States,1973,8.934666666666667,0.20191666666666666
United States,1974,8.815916666666666,0.18575
United States,1975,8.431,0.20599999999999996
United States,1976,8.65125,0.20558333333333334
United States,1977,9.269833333333334,0.16441666666666668
United States,1978,8.75141666666667,0.20433333333333334
United States,1979,8.571583333333331,0.17975000000000005
United States,1980,9.135499999999999,0.1449166666666667
United States,1981,9.7215,0.1765
United States,1982,8.539499999999999,0.1535
United States,1983,8.912333333333333,0.18241666666666667
United States,1984,8.811166666666667,0.16341666666666668
United States,1985,8.587000000000002,0.19808333333333336
United States,1986,9.559500000000002,0.19325
United States,1987,9.628166666666665,0.15233333333333335
United States,1988,9.275333333333334,0.15225000000000002
United States,1989,8.873083333333334,0.18491666666666665
United States,1990,9.521583333333334,0.18616666666666667
United States,1991,9.493666666666666,0.14291666666666666
United States,1992,9.056333333333333,0.20300000000000004
United States,1993,8.867250000000002,0.16583333333333333
United States,1994,9.270333333333335,0.1658333333333333
United States,1995,9.331,0.14816666666666667
United States,1996,8.754333333333333,0.13975
United States,1997,9.172916666666667,0.1675
United States,1998,10.141166666666667,0.12791666666666668
United States,1999,9.567,0.14550000000000005
United States,2000,9.649750000000001,0.16225
United States,2001,9.785583333333333,0.13875
United States,2002,9.816166666666666,0.14233333333333334
United States,2003,9.755083333333333,0.19625
United States,2004,9.667499999999999,0.17308333333333334
United States,2005,9.892666666666669,0.13675
United States,2006,9.9745,0.17933333333333334
United States,2007,9.837499999999999,0.14200000000000002
United States,2008,8.951416666666669,0.14325000000000002
United States,2009,9.137083333333335,0.1646666666666667
United States,2010,9.505583333333334,0.15508333333333332
United States,2011,9.549916666666665,0.17308333333333334
United States,2012,10.261083333333334,0.21550000000000002
United States,2013,11.297111111111112,0.31877777777777777
